番号,30
名前,輝夜
呼び名,輝夜

CSTR,0,蓬莱山
CSTR,1,輝夜
CSTR,3,カグヤ
CSTR,4,カグヤ
CSTR,5,ホウライサン
CSTR,6,カグヤ
CSTR,7,カグヤ
CSTR,8,蓬莱人
CSTR,99,輝夜

基礎,体力,2000
基礎,気力,2000
基礎,精神力,3500

素質,性別,1
素質,成長型,7
素質,陰毛現在値,0
素質,陰毛目標値,0
素質,腋毛現在値,1
素質,腋毛目標値,1
素質,性的嗜好,12
素質,Ｖ緊緻度,850
素質,Ａ緊緻度,950
素質,髪色,0x1C1C1C
素質,頭髮長度,6
素質,体格,0
素質,体型,0
素質,胸囲尺寸,-1
素質,臀囲尺寸,-1
素質,処女,1
素質,無接吻経験,1
素質,自尊心高,1
素質,難以越過的底線,1
素質,貞操観念,1
素質,孤高,1
素質,討厭男人,1
素質,小悪魔,1
素質,謎之魅力,1
素質,向心力,1
素質,Ｃ鈍感,1
素質,Ｖ敏感,1
素質,美脚,1
素質,美臀,1
素質,後庭処女,1

能力,武闘,75
能力,防衛,63
能力,知略,78
能力,政治,85
能力,歌唱,55
能力,料理,32
能力,野心,35
能力,性知識,2
能力,Ｃ感,1
能力,Ｂ感,1
能力,Ｍ感,1
能力,欲望,1
能力,性技,2
能力,百合,2
能力,加虐,3
能力,肝臓,10

経験,絶頂経験,25
経験,異常経験,2

相性,27,120
相性,28,120
相性,29,150
相性,31,120
相性,137,80
