番号,91
名前,心
呼び名,心

CSTR,0,秦
CSTR,1,心
CSTR,3,ココロ
CSTR,4,ココロ
CSTR,5,ハタノ
CSTR,6,ココロ
CSTR,7,ココロ
CSTR,8,付喪神
CSTR,99,こころ

基礎,体力,2300
基礎,気力,2500
基礎,精神力,2400

素質,性別,1
素質,成長型,7
素質,陰毛現在値,4
素質,陰毛目標値,4
素質,腋毛現在値,1
素質,腋毛目標値,1
素質,性的嗜好,11
素質,Ｖ緊緻度,950
素質,Ａ緊緻度,950
素質,髪色,0xF6CEEC
素質,頭髮長度,5
素質,体格,0
素質,体型,0
素質,胸囲尺寸,-1
素質,臀囲尺寸,-1
素質,処女,1
素質,無接吻経験,1
素質,坦率,1
素質,感情缺乏,1
素質,好奇心,1
素質,喜歡引人注目,1
素質,不在乎貞操,1
素質,解放,1
素質,不知羞恥,1
素質,学習快,1
素質,容易自慰,1
素質,容易中毒,1
素質,人気,1
素質,後庭処女,1

能力,武闘,74
能力,防衛,64
能力,知略,50
能力,政治,45
能力,歌唱,70
能力,料理,22
能力,野心,15
能力,性知識,2
能力,Ｃ感,2
能力,Ｂ感,1
能力,欲望,1
能力,奉仕,2
能力,百合,1
能力,露出,1
能力,自慰,1
能力,肝臓,1
能力,催眠,2


相性,40,110
相性,64,130
相性,77,150
相性,86,150
相性,87,150
