番号,16
名前,莉莉卡
呼び名,莉莉卡

CSTR,0,普利茲姆利巴
CSTR,1,莉莉卡
CSTR,3,リリカ
CSTR,4,リリカ
CSTR,5,プリズムリバー
CSTR,6,リリカ
CSTR,7,リリカ
CSTR,8,騒霊
CSTR,99,リリカ

基礎,体力,2400
基礎,気力,1300
基礎,精神力,2000

素質,性別,1
素質,成長型,7
素質,陰毛現在値,1
素質,陰毛目標値,1
素質,腋毛現在値,1
素質,腋毛目標値,1
素質,性的嗜好,6
素質,Ｖ緊緻度,750
素質,Ａ緊緻度,950
素質,髪色,0xA66635
素質,頭髮長度,3
素質,体格,-1
素質,体型,0
素質,胸囲尺寸,-1
素質,臀囲尺寸,-1
素質,処女,1
素質,無接吻経験,1
素質,好奇心,1
素質,喜歡引人注目,1
素質,学習快,1
素質,懶散,1
素質,人気,1
素質,Ｃ敏感,1
素質,Ｍ敏感,1
素質,姓名逆転,1
素質,後庭処女,1

能力,武闘,48
能力,防衛,44
能力,知略,68
能力,政治,61
能力,歌唱,72
能力,料理,32
能力,野心,64
能力,性知識,2
能力,Ｃ感,1
能力,Ｂ感,2
能力,Ｍ感,1
能力,欲望,2
能力,奉仕,1
能力,百合,1
能力,露出,2
能力,肝臓,2


相性,17,150
相性,18,150
相性,129,150
相性,99,120
