番号,130
名前,VIVIT
呼び名,VIVIT

CSTR,1,VIVIT
CSTR,3,ビビット
CSTR,4,ビビット
CSTR,6,ビビット
CSTR,7,ビビット
CSTR,8,ロボット
CSTR,99,VIVIT

基礎,体力,3000
基礎,気力,1300
基礎,精神力,3000

素質,性別,1
素質,成長型,1
素質,陰毛現在値,0
素質,陰毛目標値,0
素質,腋毛現在値,1
素質,腋毛目標値,1
素質,性的嗜好,1
素質,Ｖ緊緻度,950
素質,Ａ緊緻度,950
素質,髪色,0xDC143C
素質,頭髮長度,5
素質,体格,0
素質,体型,0
素質,胸囲尺寸,0
素質,臀囲尺寸,0
素質,処女,1
素質,無接吻経験,1
素質,坦率,1
素質,好奇心,1
素質,不怕痛,1
素質,学習快,1
素質,不易湿,1
素質,献身的,1
素質,否定快感,1
素質,Ｃ鈍感,1
素質,Ｖ鈍感,1
素質,Ｂ鈍感,1
素質,Ａ敏感,1
素質,Ｍ鈍感,1
素質,角色区分,2
素質,後庭処女,1

能力,武闘,68
能力,防衛,68
能力,知略,54
能力,政治,29
能力,歌唱,35
能力,料理,15
能力,野心,1
能力,性知識,0
能力,Ｃ感,1
能力,肝臓,4


相性,112,120
