番号,107
名前,舞
呼び名,舞

CSTR,1,舞
CSTR,3,マイ
CSTR,4,マイ
CSTR,6,マイ
CSTR,7,マイ
CSTR,8,魔法使い
CSTR,99,マイ

基礎,体力,2500
基礎,気力,1300
基礎,精神力,2400

素質,性別,1
素質,成長型,5
素質,陰毛現在値,3
素質,陰毛目標値,3
素質,腋毛現在値,1
素質,腋毛目標値,1
素質,性的嗜好,1
素質,Ｖ緊緻度,850
素質,Ａ緊緻度,850
素質,髪色,0xA9F5F2
素質,頭髮長度,4
素質,体格,0
素質,体型,0
素質,胸囲尺寸,0
素質,臀囲尺寸,0
素質,処女,1
素質,難以越過的底線,1
素質,容易湿,1
素質,容易中毒,1
素質,倒錯的,1
素質,Ｂ敏感,1
素質,角色区分,1
素質,後庭処女,1

能力,武闘,42
能力,防衛,61
能力,知略,69
能力,政治,52
能力,歌唱,21
能力,料理,43
能力,野心,57
能力,性知識,2
能力,Ｃ感,1
能力,Ａ感,2
能力,Ｍ感,1
能力,欲望,1
能力,性技,1
能力,奉仕,1
能力,百合,2
能力,加虐,1
能力,肝臓,3

経験,絶頂経験,2
経験,接吻経験,1

相性,106,200
相性,109,200
