番号,142
名前,愛塔妮緹拉瓦爾
呼び名,愛塔妮緹拉瓦爾

CSTR,1,愛塔妮緹拉瓦爾
CSTR,3,エタニティラルバ
CSTR,4,エタニティラルバ
CSTR,6,エタニティラルバ
CSTR,7,エタニティラルバ
CSTR,8,妖精
CSTR,98,拉瓦爾
CSTR,99,エタニティラルバ

基礎,体力,2500
基礎,気力,1500
基礎,精神力,2700

素質,性別,1
素質,成長型,0
素質,陰毛現在値,0
素質,陰毛目標値,0
素質,腋毛現在値,0
素質,腋毛目標値,0
素質,性的嗜好,8
素質,Ｖ緊緻度,950
素質,Ａ緊緻度,950
素質,髪色,0x7cd3ff
素質,頭髮長度,3
素質,体格,-2
素質,体型,0
素質,胸囲尺寸,0
素質,臀囲尺寸,-1
素質,処女,1
素質,無接吻経験,1
素質,後庭処女,1
素質,坦率,1
素質,好奇心,1
素質,解放,1
素質,Ｃ敏感,1
素質,Ｂ敏感,1
素質,Ａ鈍感,1
素質,Ｕ敏感,1

能力,武闘,24
能力,防衛,27
能力,知略,27
能力,政治,28
能力,歌唱,46
能力,料理,18
能力,野心,41
能力,性知識,1
能力,Ｂ感,1
能力,肝臓,1

経験,絶頂経験,1

相性,5,150
