番号,112
名前,留琴
呼び名,留琴

CSTR,1,留琴
CSTR,3,ルーコト
CSTR,4,ルーコト
CSTR,6,ルーコト
CSTR,7,ルーコト
CSTR,8,機器人
CSTR,99,る～こと

基礎,体力,2900
基礎,気力,1300
基礎,精神力,2900

素質,性別,1
素質,成長型,8
素質,陰毛現在値,0
素質,陰毛目標値,0
素質,腋毛現在値,0
素質,腋毛目標値,0
素質,性的嗜好,2
素質,Ｖ緊緻度,950
素質,Ａ緊緻度,950
素質,髪色,0xA9F5F9
素質,頭髮長度,4
素質,体格,0
素質,体型,0
素質,胸囲尺寸,0
素質,臀囲尺寸,0
素質,処女,1
素質,無接吻経験,1
素質,坦率,1
素質,自尊心低,1
素質,難以越過的底線,1
素質,不在乎貞操,1
素質,不知羞恥,1
素質,不怕痛,1
素質,不易湿,1
素質,学習快,1
素質,汚臭鈍感,1
素質,献身的,1
素質,汚臭無視,1
素質,否定快感,1
素質,Ｃ鈍感,1
素質,Ｖ鈍感,1
素質,Ａ鈍感,1
素質,角色区分,1
素質,Ｂ鈍感,1
素質,回復快,1
素質,技師,1
素質,後庭処女,1

能力,武闘,30
能力,防衛,60
能力,知略,34
能力,政治,54
能力,歌唱,3
能力,料理,51
能力,野心,1
能力,性知識,3
能力,Ｃ感,1
能力,Ｖ感,1
能力,Ａ感,1
能力,Ｂ感,1
能力,奉仕,3
能力,百合,1
能力,被虐,1
能力,肝臓,5


相性,1,150
相性,2,90
相性,101,120
相性,102,200
相性,103,90
