番号,122,
名前,艾倫,
呼び名,艾倫,

CSTR,1,艾倫
CSTR,3,エレン
CSTR,4,エレン
CSTR,6,エレン
CSTR,7,エレン
CSTR,8,魔法使い
CSTR,99,エレン

基礎,体力,2200
基礎,気力,1800
基礎,精神力,2700

素質,性別,1
素質,成長型,2
素質,陰毛現在値,3
素質,陰毛目標値,3
素質,腋毛現在値,1
素質,腋毛目標値,1
素質,性的嗜好,6
素質,Ｖ緊緻度,850
素質,Ａ緊緻度,950
素質,髪色,0xFFFF00
素質,頭髮長度,5
素質,体格,0
素質,体型,0
素質,胸囲尺寸,0
素質,臀囲尺寸,0
素質,処女,1
素質,無接吻経験,1
素質,坦率,1
素質,好奇心,1
素質,楽観的,1
素質,不知羞恥,1
素質,学習慢,1
素質,汚臭敏感,1
素質,接受快感,1
素質,人気,1
素質,堅強,1
素質,貞操観念,1
素質,献身的,1
素質,角色区分,1
素質,後庭処女,1
素質,強運,1

能力,武闘,12
能力,防衛,59
能力,知略,63
能力,政治,59
能力,歌唱,21
能力,料理,34
能力,野心,47
能力,性知識,1
能力,Ｃ感,1
能力,Ｂ感,2
能力,Ｍ感,1
能力,欲望,1
能力,奉仕,2
能力,肝臓,3

経験,絶頂経験,1

相性,102,120
相性,1,110
相性,2,110
