番号,131
名前,麟
呼び名,麟

CSTR,0,冴月
CSTR,1,麟
CSTR,3,リン
CSTR,4,リン
CSTR,5,サツキ
CSTR,6,リン
CSTR,7,リン
CSTR,8,妖怪
CSTR,99,麟

基礎,体力,2500
基礎,気力,1300
基礎,精神力,2500

素質,性別,1
素質,成長型,7
素質,陰毛現在値,4
素質,陰毛目標値,4
素質,腋毛現在値,1
素質,腋毛目標値,1
素質,性的嗜好,11
素質,Ｖ緊緻度,950
素質,Ａ緊緻度,950
素質,髪色,0xFFFF00
素質,頭髮長度,5
素質,体格,1
素質,体型,-1
素質,胸囲尺寸,-1
素質,臀囲尺寸,-1
素質,処女,1
素質,無接吻経験,1
素質,傲嬌,1
素質,悲観的,1
素質,学習快,1
素質,献身的,1
素質,謎之魅力,1
素質,Ｃ鈍感,1
素質,酒豪,1
素質,角色区分,2
素質,後庭処女,1

能力,武闘,64
能力,防衛,56
能力,知略,52
能力,政治,57
能力,歌唱,26
能力,料理,36
能力,野心,43
能力,性知識,3
能力,Ａ感,1
能力,Ｂ感,1
能力,Ｍ感,2
能力,欲望,2
能力,奉仕,1
能力,百合,2
能力,自慰,1
能力,肝臓,5


相性,1,120
相性,2,120
相性,10,50
相性,11,50
