番号,73
名前,一輪
呼び名,一輪

CSTR,0,雲居
CSTR,1,一輪
CSTR,3,イチリン
CSTR,4,イチリン
CSTR,5,クモイ
CSTR,6,イチリン
CSTR,7,イチリン
CSTR,8,妖怪
CSTR,99,一輪

基礎,体力,2800
基礎,気力,1800
基礎,精神力,2300

素質,性別,1
素質,成長型,4
素質,陰毛現在値,5
素質,陰毛目標値,5
素質,腋毛現在値,2
素質,腋毛目標値,2
素質,性的嗜好,1
素質,Ｖ緊緻度,750
素質,Ａ緊緻度,850
素質,髪色,0x2ECCFA
素質,頭髮長度,4
素質,体格,0
素質,体型,1
素質,胸囲尺寸,1
素質,臀囲尺寸,1
素質,処女,1
素質,無接吻経験,1
素質,堅強,1
素質,保守的,1
素質,貞操観念,1
素質,害羞,1
素質,不怕痛,1
素質,学習快,1
素質,献身的,1
素質,容易中毒,1
素質,Ｖ敏感,1
素質,Ａ鈍感,1
素質,Ｂ敏感,1
素質,後庭処女,1

能力,武闘,58
能力,防衛,73
能力,知略,41
能力,政治,40
能力,歌唱,22
能力,料理,17
能力,野心,31
能力,性知識,2
能力,Ｖ感,2
能力,Ｂ感,1
能力,Ｍ感,1
能力,欲望,1
能力,奉仕,2
能力,百合,2
能力,露出,1
能力,被虐,1
能力,肝臓,5


相性,74,150
相性,77,150
相性,75,130
相性,85,130
