番号,143
名前,合歡乃
名前,合歡乃

CSTR,0,坂田
名前,合歡乃
CSTR,3,ネムノ
CSTR,4,ネムノ
CSTR,5,サカタ
CSTR,6,ネムノ
CSTR,7,ネムノ
CSTR,8,妖怪
CSTR,99,ネムノ

基礎,体力,2700
基礎,気力,1900
基礎,精神力,2700

素質,性別,1
素質,成長型,4
素質,陰毛現在値,6
素質,陰毛目標値,6
素質,腋毛現在値,5
素質,腋毛目標値,5
素質,性的嗜好,10
素質,Ｖ緊緻度,550
素質,Ａ緊緻度,850
素質,髪色,0xb8dbed
素質,頭髮長度,6
素質,体格,1
素質,体型,1
素質,胸囲尺寸,1
素質,臀囲尺寸,2
素質,後庭処女,1
素質,堅強,1
素質,冷漠,1
素質,不在乎貞操,1
素質,献身的,1
素質,Ｖ敏感,1
素質,Ｍ鈍感,1

能力,武闘,76
能力,防衛,42
能力,知略,45
能力,政治,27
能力,歌唱,27
能力,料理,45
能力,野心,57
能力,性知識,3
能力,Ｖ感,3
能力,Ａ感,2
能力,Ｂ感,1
能力,Ｍ感,1
能力,欲望,3
能力,性技,2
能力,奉仕,2
能力,性交,2
能力,露出,1
能力,精愛,1
能力,被虐,1
能力,肝臓,4

経験,絶頂経験,10
経験,接吻経験,2
経験,口淫経験,3
経験,膣内射精経験,8
経験,口内射精経験,1
経験,Ｖ性交経験,12
経験,妊娠経験,4
経験,出産経験,3

相性,5,120
相性,32,80
