番号,1
名前,霊夢
呼び名,霊夢

CSTR,0,博麗
CSTR,1,霊夢
CSTR,3,レイム
CSTR,4,レイム
CSTR,5,ハクレイ
CSTR,6,レイム
CSTR,7,レイム
CSTR,8,人間
CSTR,99,霊夢

基礎,体力,2400
基礎,気力,1400
基礎,精神力,2500

素質,性別,1
素質,成長型,9
素質,陰毛現在値,4
素質,陰毛目標値,4
素質,腋毛現在値,1
素質,腋毛目標値,1
素質,性的嗜好,4
素質,Ｖ緊緻度,750
素質,Ａ緊緻度,850
素質,髪色,0x3B3B3B
素質,頭髮長度,5
素質,体格,0
素質,体型,-1
素質,胸囲尺寸,0
素質,臀囲尺寸,0
素質,処女,1
素質,無接吻経験,1
素質,楽観的,1
素質,難以越過的底線,1
素質,不怕痛,1
素質,謎之魅力,1
素質,人気,1
素質,後庭処女,1
素質,強運,1

能力,武闘,81
能力,防衛,65
能力,知略,50
能力,政治,61
能力,歌唱,25
能力,料理,34
能力,野心,50
能力,性知識,3
能力,Ａ感,2
能力,Ｂ感,1
能力,Ｍ感,2
能力,欲望,1
能力,性技,1
能力,奉仕,1
能力,露出,1
能力,加虐,1
能力,被虐,2
能力,肝臓,3


相性,2,200
相性,14,120
相性,23,120
相性,32,80
相性,48,120
相性,69,120
相性,80,80
相性,100,110
相性,90,150
相性,140,10
