0,愛撫
1,胸愛撫
2,舐陰
3,手指插入
4,愛撫肛门
5,泡泡浴
6,尻尾挿入
7,尻尾Ａ挿入
8,舐肛
9,吸吮乳頭

10,手交
11,口交
12,乳交
13,股間性交
14,足交
15,臀交
16,飛機杯
17,尾交
18,髪交
19,舔舐睪丸

20,接吻
21,磨鏡
22,双頭龍
23,撃劍

24,手指口交
25,乳头交
26,揉搓睾丸

30,正常位
31,後背位
32,対面座位
33,背面座位
34,騎乗位
35,背面騎乗位
36,二本挿入
37,側位
38,屈曲位
39,火車便当式
52,逆火車便当式
160,後立体位

40,Ａ正常位
41,Ａ後背位
42,Ａ対面座位
43,Ａ背面座位
44,Ａ騎乗位
45,Ａ背面騎乗位
46,Ａ二本挿入
47,Ａ側位
48,Ａ屈曲位
49,Ａ火車便当式
53,Ａ逆火車便当式
161,Ａ後立体位

50,穿着穿戴式假陰茎
51,酒恥肉倫
55,依次插入
56,依次Ａ插入
57,交替插入
58,交替Ａ插入

60,跳蛋
61,振動棒
62,肛用振動棒
63,陰蒂夾
64,乳頭夾
65,Ｖ拡張気球
66,Ａ拡張気球
67,搾乳機
68,穿戴式假陰茎口枷

70,潤滑液
71,媚薬
72,排卵誘発剤
73,精力超群丸
74,麻薬
75,避孕套
76,桃源香
77,自家受精
78,阴茎丝带

80,威脅
81,打屁股
82,鞭
83,針
84,眼罩
85,縄
86,口枷
87,拳交
88,肛門拳交
89,打耳光
90,強制口交
91,穿環
92,文身
93,鼻勾
94,絞首
97,殴腹
98,遠隔調教


100,Ｃ自慰
101,顔面騎乗
102,Ａ顔面騎乗
103,電気按摩
104,舐足
105,Ｗ顔面騎乗
106,手交责弄亀頭
107,口交责弄亀頭
108,自我挿入
109,Ａ自我挿入
110,土下座
111,索求
112,露出play
113,体毛管理
114,身体塗鴉
115,拍攝視頻
116,飛機杯自慰
117,自我口交
118,秘貝開帳
119,后庭開帳
120,Ｐ自慰

130,放尿
131,尿浴
132,口内放尿
;135,脱糞
140,利尿剤
141,浣腸
142,浣腸＆肛塞
150,放屁
151,顔騎放屁

170,尿道探针
171,尿道指挿入
172,尿道挿入

200,触手召喚
201,触手挿入
202,触手Ａ挿入
203,触手责弄陰蒂
204,触手胸愛撫
205,触手飛機杯
206,触手交
207,触手搾乳
208,触手緊縛
210,触手口辱
211,触手自慰
212,触手産卵
213,触手Ａ産卵
214,触手乳腺開発
215,触手尿道挿入
216,触手Ｕ産卵

291,交給汝了
292,什麼都不做
298,宣誓效忠(逆調教),;逆調教専用
299,宣誓效忠

;300～319 コミュニケーション系コマンド
300,会話
301,武術訓練
302,護身術
303,兵法学習
304,政務
305,警邏
306,歌唱訓練
307,料理
309,猥談
310,飲酒
311,蜂蜜水

320,肌膚接触
321,摸頭
322,梳理頭髮
323,用梳子梳頭
324,甜言蜜語
325,凝視
326,聽腹部的声音
330,日常口交
331,日常胸愛撫
332,日常手交
333,日常阴蒂愛撫

340,軽吻,
341,湿吻,
342,舌吻,

351,吃飯
354,洗澡
355,游泳
356,製作花冠
357,狩猟
358,擦背

390,兩人一起出門
391,移動
392,帰る
393,順其自然
398,告白, ;こっちは調教中用
399,告白, ;こっちは会いに行く用

500,教導武術
501,教導護身術
502,教導兵法
503,教導政治
504,歌唱練習
505,製作料理

550,性教育
551,邀請来自国
554,忘卻記憶
555,綁劫
556,催眠術
557,不可思議的懷表
